customer_id,tenure_months,monthly_spend,support_calls,city,plan,churn
C0001,64,683,4,Jaipur,Premium,No
C0002,72,1305,0,Delhi,Basic,No
C0003,11,1404,7,Kochi,Plus,Yes
C0004,1,701,2,Kochi,Basic,Yes
C0005,22,2225,0,Delhi,Premium,Yes
C0006,56,607,2,Jaipur,Basic,No
C0007,30,1001,5,Pune,Basic,Yes
C0008,64,350,3,Pune,Basic,Yes
C0009,6,2032,7,Pune,Basic,Yes
C0010,45,829,5,Delhi,Plus,Yes
C0011,24,2386,2,Delhi,Basic,No
C0012,60,487,1,Kochi,Premium,No
C0013,39,928,1,Delhi,Basic,No
C0014,15,2260,2,Pune,Premium,Yes
C0015,66,655,6,Pune,Basic,No
C0016,2,2227,1,Jaipur,Basic,Yes
C0017,9,2120,2,Jaipur,Plus,Yes
C0018,10,2042,7,Kochi,Premium,Yes
C0019,7,1538,6,Delhi,Basic,Yes
C0020,71,693,6,Jaipur,Premium,No
C0021,56,816,7,Pune,Plus,Yes
C0022,64,376,7,Pune,Premium,No
C0023,46,751,2,Jaipur,Basic,No
C0024,5,2115,0,Jaipur,Plus,Yes
C0025,72,2229,3,Delhi,Premium,No
C0026,52,627,2,Kochi,Plus,Yes
C0027,35,2334,3,Kochi,Premium,Yes
C0028,9,1760,2,Kochi,Basic,Yes
C0029,55,2285,2,Pune,Plus,No
C0030,34,2080,4,Delhi,Plus,Yes
C0031,4,1010,4,Pune,Premium,No
C0032,30,1040,7,Jaipur,Basic,Yes
C0033,32,1264,6,Kochi,Basic,Yes
C0034,15,2197,2,Delhi,Plus,Yes
C0035,51,351,0,Pune,Premium,No
C0036,10,1163,2,Jaipur,Plus,No
C0037,18,1093,6,Delhi,Basic,Yes
C0038,32,501,1,Kochi,Basic,No
C0039,32,1262,1,Kochi,Basic,Yes
C0040,71,1994,5,Jaipur,Basic,No
C0041,56,953,3,Jaipur,Plus,No
C0042,28,464,4,Delhi,Basic,No
C0043,2,1288,3,Kochi,Premium,Yes
C0044,30,622,1,Pune,Basic,No
C0045,14,2282,6,Kochi,Basic,Yes
C0046,64,719,7,Jaipur,Premium,Yes
C0047,35,819,5,Delhi,Basic,Yes
C0048,1,750,6,Delhi,Plus,Yes
C0049,65,663,7,Delhi,Plus,No
C0050,32,1932,1,Jaipur,Premium,No
C0051,21,1978,7,Jaipur,Plus,Yes
C0052,18,620,4,Delhi,Premium,No
C0053,42,405,3,Delhi,Premium,No
C0054,17,2166,0,Jaipur,Plus,No
C0055,10,1350,6,Jaipur,Plus,No
C0056,29,1757,6,Jaipur,Basic,Yes
C0057,70,402,5,Kochi,Basic,No
C0058,16,445,7,Kochi,Plus,Yes
C0059,61,948,1,Jaipur,Plus,No
C0060,18,2217,5,Delhi,Basic,Yes
C0061,26,1451,0,Jaipur,Basic,Yes
C0062,4,1670,2,Delhi,Premium,Yes
C0063,67,378,3,Delhi,Basic,No
C0064,70,1192,4,Delhi,Basic,No
C0065,19,1906,2,Pune,Basic,No
C0066,21,827,5,Pune,Premium,Yes
C0067,61,1164,3,Pune,Basic,No
C0068,1,767,1,Delhi,Plus,Yes
C0069,47,1599,6,Kochi,Basic,Yes
C0070,64,993,4,Jaipur,Basic,Yes
C0071,37,1988,7,Jaipur,Premium,Yes
C0072,2,1776,2,Kochi,Basic,Yes
C0073,10,1710,0,Kochi,Premium,Yes
C0074,20,601,2,Pune,Premium,Yes
C0075,69,915,6,Jaipur,Basic,No
C0076,51,2202,0,Jaipur,Plus,No
C0077,41,2136,3,Jaipur,Basic,Yes
C0078,35,2372,7,Kochi,Premium,Yes
C0079,22,2007,6,Pune,Basic,Yes
C0080,12,1301,5,Pune,Plus,Yes
C0081,17,2089,5,Pune,Plus,Yes
C0082,59,1056,2,Delhi,Plus,No
C0083,48,2157,6,Pune,Premium,No
C0084,39,640,2,Delhi,Basic,No
C0085,2,992,0,Jaipur,Premium,No
C0086,19,732,3,Kochi,Premium,No
C0087,15,1030,2,Pune,Plus,Yes
C0088,50,972,6,Pune,Plus,Yes
C0089,53,2269,6,Pune,Basic,Yes
C0090,54,735,7,Delhi,Premium,Yes
C0091,26,1212,2,Jaipur,Premium,No
C0092,2,2024,1,Jaipur,Basic,Yes
C0093,43,861,0,Kochi,Basic,Yes
C0094,13,1410,3,Jaipur,Basic,Yes
C0095,11,2123,1,Kochi,Basic,Yes
C0096,71,2216,1,Kochi,Plus,Yes
C0097,7,784,0,Pune,Premium,No
C0098,24,1215,5,Delhi,Premium,Yes
C0099,6,391,7,Delhi,Premium,No
C0100,64,2297,3,Jaipur,Premium,No
C0101,19,1496,1,Pune,Basic,No
C0102,70,588,1,Delhi,Premium,No
C0103,62,966,5,Delhi,Plus,No
C0104,35,1587,5,Delhi,Plus,Yes
C0105,29,2182,7,Pune,Basic,Yes
C0106,66,563,5,Pune,Premium,No
C0107,47,1726,2,Pune,Basic,Yes
C0108,5,1229,5,Kochi,Premium,Yes
C0109,32,1183,2,Delhi,Plus,Yes
C0110,62,1075,5,Kochi,Premium,No
C0111,19,1009,6,Delhi,Basic,Yes
C0112,8,2029,1,Delhi,Premium,Yes
C0113,7,873,2,Jaipur,Plus,Yes
C0114,70,1122,3,Kochi,Plus,No
C0115,22,2100,6,Kochi,Plus,Yes
C0116,24,1722,7,Kochi,Plus,Yes
C0117,68,1613,0,Delhi,Plus,No
C0118,2,1925,2,Kochi,Plus,No
C0119,30,1765,3,Jaipur,Plus,Yes
C0120,56,2280,0,Kochi,Premium,No
C0121,62,1053,7,Delhi,Plus,Yes
C0122,23,2248,5,Delhi,Basic,Yes
C0123,51,2128,7,Jaipur,Premium,Yes
C0124,2,384,5,Kochi,Plus,Yes
C0125,50,789,7,Delhi,Premium,Yes
C0126,53,472,2,Pune,Plus,No
C0127,6,832,3,Pune,Premium,No
C0128,49,749,1,Kochi,Basic,Yes
C0129,63,1236,3,Pune,Premium,No
C0130,20,960,6,Jaipur,Premium,Yes
C0131,9,823,4,Jaipur,Plus,Yes
C0132,49,1225,7,Jaipur,Basic,Yes
C0133,5,1991,6,Jaipur,Plus,Yes
C0134,68,893,4,Pune,Basic,Yes
C0135,41,874,6,Kochi,Plus,No
C0136,57,1660,1,Jaipur,Basic,Yes
C0137,22,2317,4,Pune,Basic,Yes
C0138,65,893,4,Kochi,Premium,No
C0139,64,381,2,Jaipur,Basic,No
C0140,9,713,1,Pune,Basic,No
C0141,21,1306,5,Kochi,Premium,Yes
C0142,45,516,5,Pune,Plus,Yes
C0143,22,1038,3,Pune,Basic,No
C0144,13,1346,1,Kochi,Plus,Yes
C0145,65,1945,0,Jaipur,Basic,No
C0146,58,1680,4,Kochi,Plus,Yes
C0147,64,1830,7,Kochi,Basic,Yes
C0148,60,1360,6,Jaipur,Plus,Yes
C0149,50,2282,5,Delhi,Premium,No
C0150,33,1937,0,Delhi,Basic,Yes
C0151,10,2396,6,Jaipur,Plus,Yes
C0152,34,1387,2,Delhi,Plus,No
C0153,57,2195,0,Pune,Plus,No
C0154,33,1591,1,Kochi,Basic,No
C0155,45,583,7,Jaipur,Basic,No
C0156,1,1155,0,Kochi,Plus,No
C0157,39,495,5,Pune,Basic,Yes
C0158,23,653,0,Pune,Basic,Yes
C0159,33,1802,6,Kochi,Plus,Yes
C0160,42,1371,4,Jaipur,Plus,No
