area_sq_ft,bedrooms,property_age,neighborhood,property_type,monthly_rent
1433,1,21,South,House,39360
823,2,16,Central,Apartment,27248
901,1,2,South,House,32412
1294,3,28,North,Apartment,32115
754,4,4,North,Apartment,27292
1917,4,1,Central,Apartment,55268
548,2,30,South,Apartment,20835
1412,2,5,South,Apartment,36281
1464,4,0,North,Apartment,39952
672,1,30,Suburb,House,16885
502,4,22,South,Apartment,25262
1851,3,18,Central,House,51641
1408,2,18,Suburb,Apartment,33998
513,2,3,Suburb,Apartment,19327
637,4,20,North,House,26732
709,1,2,Central,House,32057
1635,1,14,North,Apartment,40882
941,1,19,Central,House,31039
466,4,0,Suburb,Apartment,20733
655,4,19,Central,House,30590
1082,4,7,Central,House,42195
1633,4,20,South,Apartment,43870
1979,4,2,North,House,51137
1623,1,28,Suburb,House,37766
2189,4,13,Central,House,58576
1409,1,29,Suburb,Apartment,30400
735,4,13,South,Apartment,27393
1051,1,13,Central,House,32440
967,3,17,Suburb,Apartment,28431
1854,1,16,North,House,42366
2164,2,23,Suburb,House,44929
1656,3,15,North,House,46730
1752,1,17,South,Apartment,42646
860,4,18,Suburb,Apartment,24669
997,4,3,South,House,36661
2188,1,13,South,House,49909
1479,2,8,North,Apartment,37242
1600,2,14,South,Apartment,42227
923,2,13,Suburb,Apartment,21292
1368,1,20,Suburb,Apartment,27605
1064,4,17,Central,Apartment,36271
1831,2,18,Central,Apartment,49400
726,3,14,North,Apartment,25998
420,1,18,North,Apartment,13883
657,4,1,Suburb,Apartment,22841
1502,1,25,Suburb,Apartment,31181
1460,4,11,South,Apartment,42923
721,2,25,South,House,25441
2034,2,0,South,Apartment,49423
1661,1,28,North,Apartment,38209
1927,2,9,North,Apartment,44295
694,1,10,Central,House,31229
1211,4,2,Suburb,Apartment,34932
1965,3,21,North,House,47399
1999,3,18,Central,Apartment,49720
1338,1,25,Central,House,41085
643,3,19,North,Apartment,24723
1831,1,29,South,Apartment,42432
1880,1,11,Central,Apartment,49475
1234,4,21,South,House,38797
699,1,9,Central,House,26402
805,1,16,North,Apartment,21768
1328,1,10,South,Apartment,34305
1294,3,11,North,House,38750
2110,3,4,Central,House,60134
1530,4,5,Central,Apartment,48046
1283,4,5,Suburb,Apartment,32838
1056,4,8,North,House,37232
1907,3,21,Central,Apartment,48749
1481,2,8,Central,House,42349
1025,4,0,South,Apartment,33021
2126,1,29,Central,Apartment,47641
821,2,8,Central,Apartment,28482
1627,2,12,North,Apartment,38526
2156,3,5,Central,House,57926
1799,1,12,Suburb,Apartment,40576
902,2,1,Suburb,Apartment,23060
1643,1,3,South,House,43724
2147,3,9,Suburb,House,47642
889,2,15,North,House,28377
868,1,2,South,House,31074
1475,3,17,Suburb,Apartment,35233
1762,2,26,Suburb,Apartment,37023
564,3,0,Suburb,Apartment,18150
729,1,16,North,Apartment,23496
474,4,24,North,House,23174
883,4,30,Suburb,House,24533
1130,4,23,South,House,35964
1148,2,19,Suburb,House,30919
1682,4,14,North,Apartment,44850
1632,4,28,North,Apartment,39788
620,1,28,North,House,19499
1126,2,26,Suburb,House,26877
1382,4,12,Suburb,Apartment,34085
613,4,30,North,House,26851
1323,4,21,North,House,37085
708,1,0,South,Apartment,23528
2087,1,20,South,Apartment,46062
611,2,15,Suburb,Apartment,16809
743,2,12,Suburb,Apartment,21344
731,4,5,Suburb,House,24364
1264,4,13,North,Apartment,37422
2172,4,19,Central,House,61599
1705,1,18,North,Apartment,38366
851,2,11,South,House,27486
1868,4,3,South,Apartment,51835
2110,3,3,Central,House,56722
472,1,8,North,House,18596
715,1,13,Central,House,27301
1165,4,18,Central,House,41951
601,1,3,Central,Apartment,27441
2183,2,29,North,House,48885
1464,3,30,Central,Apartment,42594
1480,1,21,Central,House,43247
1393,2,10,North,House,36644
1529,2,6,Central,Apartment,41666
1633,1,20,Suburb,Apartment,34756
441,3,26,South,House,22923
1922,1,15,South,Apartment,46636
1336,4,17,North,Apartment,40057
519,1,10,North,House,23055
1108,2,4,North,Apartment,31373
1635,1,27,North,House,41630
1270,3,5,North,Apartment,34823
549,4,2,Suburb,House,25312
1594,2,11,Suburb,House,36938
749,4,1,Central,House,34764
547,4,29,Central,Apartment,29066
1613,2,1,North,Apartment,42725
1740,3,8,South,Apartment,47611
806,2,24,Suburb,House,22558
1254,2,13,Suburb,House,31782
683,3,27,North,House,26472
1784,4,13,South,House,47404
1961,1,14,South,Apartment,46408
1554,2,28,Suburb,House,35068
1127,2,8,South,Apartment,35658
1785,4,15,Central,House,54628
621,4,5,Suburb,Apartment,22706
652,2,26,Suburb,House,17421
913,1,29,Suburb,House,23548
978,4,0,Central,House,40456
1093,2,12,Central,House,39132
628,3,14,Suburb,Apartment,21872
756,2,27,South,Apartment,26696
1901,1,17,Central,Apartment,49148
1881,2,18,South,House,49628
619,1,15,Central,Apartment,23664
1416,2,18,North,Apartment,33946
730,2,20,Suburb,House,24383
575,1,2,Central,House,27104
1248,2,9,Suburb,Apartment,31285
2100,3,6,South,Apartment,54220
1775,4,12,South,House,47553
2017,2,22,South,Apartment,45253
905,1,10,North,House,29129
1228,4,18,Suburb,House,36363
578,3,2,Central,House,29487
1730,4,8,North,Apartment,44779
2079,2,28,South,House,51833
